,ID,grade,DD,Age,PDE,SWE,WID,WA,RC,WR,RAN_Letters,LC,Digits
1,READ_5428,1,TYP,6.75,125,126,130,125,10,127.5,126,12,11
2,READ_5423,1,TYP,6.5,99,111,109,107,10,108,115,13,9
4,READ_5413,1,DD,7,91,94,98,92,8,95,93,11,8
5,READ_5412,1,TYP,6.833333333,114,114,117,115,11,116,108,12,16
6,READ_5406,1,TYP,6.833333333,107,113,119,113,13,116,108,11,12
7,READ_5402,1,TYP,7.666666667,88,86,84,89,9,86.5,98,11,16
8,READ_5349,1,TYP,7.083333333,107,108,114,116,10,115,94,11,12
9,READ_5345,1,TYP,6.916666667,110,114,109,106,10,107.5,136,13,11
11,READ_5338,1,TYP,7.833333333,93,103,105,102,9,103.5,88,11,8
12,READ_5312,1,TYP,6.916666667,116,127,119,130,11,124.5,108,12,13
13,READ_5290,1,DD,7.416666667,72,66,75,74,4,74.5,103,11,9
14,READ_5285,1,TYP,6.833333333,105,119,119,115,10,117,114,13,11
15,READ_5265,1,TYP,7.25,105,119,110,102,10,106,121,13,8
16,READ_5261,1,TYP,7.083333333,110,118,112,107,12,109.5,97,13,11
17,READ_5256,1,TYP,7.75,114,109,135,116,12,125.5,85,9,10
18,READ_5243,1,TYP,7,103,121,121,107,12,114,108,12,11
19,READ_5238,1,TYP,7.25,116,117,126,118,9,122,111,7,8
20,READ_5223,1,DD,7.416666667,74,91,87,85,8,86,109,12,11
21,READ_5206,1,TYP,7.25,122,122,121,112,14,116.5,124,12,13
22,READ_5188,1,TYP,7.416666667,88,111,123,113,12,118,110,12,11
23,READ_5185,1,TYP,6.916666667,126,126,119,124,10,121.5,97,13,9
24,READ_5174,1,DD,8.166666667,70,76,83,71,7,77,98,9,8
25,READ_5173,1,TYP,7.583333333,94,96,115,103,9,109,105,12,10
26,READ_5168,1,DD,7.5,101,100,96,100,8,98,119,6,6
27,READ_5166,1,TYP,6.916666667,115,120,119,122,11,120.5,111,13,14
28,READ_5160,1,DD,7.5,90,87,100,93,7,96.5,94,7,10
29,READ_5155,1,TYP,7.166666667,108,109,126,132,12,129,100,12,11
30,READ_5153,1,TYP,7.416666667,108,119,120,103,10,111.5,108,11,11
31,READ_5145,1,DD,7.75,90,104,97,104,10,100.5,104,12,10
32,READ_5141,1,DD,7.833333333,88,100,91,99,7,95,100,11,9
33,READ_5136,1,TYP,7.25,110,109,116,121,12,118.5,106,11,12
34,READ_5133,1,TYP,6.916666667,109,111,122,132,13,127,100,11,13
35,READ_5115,1,TYP,7,110,116,121,118,12,119.5,108,9,14
36,READ_5082,1,TYP,7,101,101,105,109,10,107,81,13,10
37,READ_5079,1,TYP,7.333333333,100,109,91,95,9,93,111,13,10
38,READ_5074,1,TYP,6.75,114,118,126,114,13,120,113,13,12
39,READ_5062,1,DD,6.916666667,97,95,96,99,9,97.5,99,12,14
40,READ_5039,1,TYP,7,111,112,116,134,12,125,108,9,9
41,READ_5035,1,TYP,7.75,108,111,111,111,10,111,106,12,12
42,READ_5028,1,DD,7.083333333,88,102,96,95,9,95.5,103,12,9
43,READ_5023,1,TYP,6.916666667,125,121,136,130,11,133,123,10,12
44,READ_5013,1,DD,6.833333333,95,104,105,102,9,103.5,121,10,6
45,READ_4835,1,TYP,7.666666667,108,110,116,116,8,116,89,11,11
46,READ_4828,1,TYP,7.083333333,126,125,121,129,12,125,97,13,12
47,READ_4767,1,TYP,6.916666667,114,116,119,115,12,117,99,12,11
49,READ_4743,1,TYP,7.416666667,112,129,128,124,12,126,124,12,14
50,READ_4738,1,TYP,7,115,119,114,104,10,109,100,6,13
51,READ_4687,1,TYP,7.333333333,103,99,100,103,9,101.5,103,13,10
52,READ_4676,1,TYP,6.833333333,100,114,111,108,10,109.5,121,10,12
53,READ_4630,1,TYP,6.75,111,119,123,112,11,117.5,90,12,14
54,READ_4627,1,TYP,7.583333333,94,124,110,95,13,102.5,113,13,11
55,READ_4616,1,DD,7.833333333,62,75,84,78,9,81,105,12,9
56,READ_4613,1,TYP,7.416666667,115,127,113,119,17,116,121,13,14
57,READ_4597,1,TYP,6.666666667,104,118,109,103,10,106,116,14,12
58,READ_4581,1,TYP,7.25,106,114,110,116,11,113,101,11,11
59,READ_4575,1,TYP,6.75,97,115,115,110,10,112.5,116,12,9
60,READ_4565,1,TYP,7.333333333,122,130,120,119,14,119.5,111,13,12
61,READ_4561,1,DD,6.916666667,72,94,92,82,8,87,119,10,6
62,READ_4558,1,TYP,7.25,120,125,131,127,10,129,108,11,10
63,READ_4551,1,TYP,7.416666667,102,98,110,98,10,104,96,13,12
64,READ_4543,1,DD,7.25,97,88,96,104,8,100,96,8,11
65,READ_4528,1,TYP,7.416666667,103,118,118,115,11,116.5,103,11,14
66,READ_4521,1,DD,7.5,78,79,79,93,8,86,79,9,9
67,READ_4504,1,DD,6.75,92,101,107,101,8,104,83,12,8
68,READ_4501,1,DD,7.416666667,74,91,98,88,8,93,124,6,9
69,READ_4197,1,TYP,6.916666667,105,112,107,108,11,107.5,119,11,7
70,READ_4190,1,DD,7,88,107,105,92,9,98.5,121,9,9
71,READ_4166,1,TYP,6.916666667,110,114,111,108,11,109.5,113,10,11
72,READ_4156,1,DD,7.333333333,80,99,94,93,8,93.5,106,3,5
73,READ_4152,1,TYP,7.166666667,106,106,105,112,8,108.5,110,11,9
74,READ_4150,1,DD,7.25,99,95,93,104,8,98.5,96,8,11
75,READ_4147,1,TYP,6.75,117,126,119,108,12,113.5,132,12,7
76,READ_4110,1,DD,7.25,90,96,96,100,10,98,109,13,6
77,READ_4105,1,TYP,6.916666667,114,118,117,115,11,116,129,12,12
78,READ_4099,1,TYP,7.5,93,101,113,98,8,105.5,84,7,12
79,READ_4098,1,TYP,7.416666667,102,110,110,115,10,112.5,86,6,12
80,READ_4091,1,TYP,6.583333333,114,117,109,115,10,112,109,12,14
81,READ_4069,1,TYP,6.833333333,120,134,129,126,12,127.5,111,10,7
82,READ_4066,1,TYP,7.25,123,120,124,121,11,122.5,118,9,11
83,READ_4063,1,TYP,6.75,134,110,136,135,13,135.5,136,10,14
84,READ_4058,1,TYP,7.25,103,99,100,83,9,91.5,108,13,7
85,READ_4057,1,TYP,7.583333333,115,118,123,117,9,120,103,13,7
86,READ_4056,1,DD,7.25,84,71,75,83,7,79,80,8,10
87,READ_4055,1,TYP,7,108,123,121,107,11,114,110,11,13
88,READ_4053,1,TYP,7.416666667,104,109,115,113,13,114,114,13,11
89,READ_4044,1,TYP,7.083333333,86,96,105,107,10,106,88,12,9
90,READ_4043,1,TYP,6.833333333,113,114,117,117,11,117,88,11,9
91,READ_4037,1,DD,7.166666667,84,100,98,83,9,90.5,90,7,13
92,READ_4014,1,TYP,7.416666667,122,124,125,122,12,123.5,110,11,12
93,READ_4013,1,TYP,7.166666667,82,106,98,86,10,92,110,11,10
94,READ_3111,1,DD,7.5,82,91,91,88,7,89.5,105,9,9
95,READ_3105,1,TYP,7.083333333,91,110,96,92,10,94,93,12,10
96,READ_3104,1,TYP,7.083333333,93,110,105,100,9,102.5,109,11,7
97,READ_3098,1,TYP,7.833333333,91,86,95,102,8,98.5,94,5,7
98,READ_3089,1,TYP,7.25,100,100,107,104,8,105.5,105,9,13
99,READ_3077,1,TYP,7.583333333,101,110,110,93,9,101.5,103,8,9
100,READ_3075,1,TYP,7.75,102,101,105,111,7,108,104,9,9
101,READ_3072,1,TYP,7.666666667,115,128,116,114,13,115,119,13,14
102,READ_3069,1,DD,7.416666667,82,98,91,82,9,86.5,114,8,8
103,READ_3057,1,DD,7,97,97,112,112,10,112,85,9,12
104,READ_3030,1,TYP,7,91,86,98,89,9,93.5,100,12,10
105,READ_3013,1,TYP,7.416666667,94,98,110,108,11,109,101,11,11
106,READ_3011,1,TYP,7.75,124,138,143,129,11,136,126,13,12
107,READ_3010,1,TYP,7,93,110,98,95,10,96.5,110,9,11
108,READ_3009,1,TYP,7.5,100,111,105,100,11,102.5,95,11,8
110,READ_2606,1,DD,7.666666667,78,88,82,87,7,84.5,98,13,8
111,READ_2568,1,DD,7.083333333,90,80,89,95,5,92,81,13,13
112,READ_2532,1,DD,7.166666667,94,86,93,104,8,98.5,79,9,10
113,READ_2431,1,DD,6.833333333,90,99,107,97,10,102,89,14,14
114,READ_2428,1,TYP,6.75,113,106,121,121,11,121,104,12,13
115,READ_2409,1,TYP,6.833333333,98,99,105,106,10,105.5,110,13,9
116,READ_2401,1,TYP,7.25,91,105,105,89,11,97,87,12,12
117,READ_2387,1,TYP,7.333333333,97,99,100,110,9,105,106,12,12
118,READ_2351,1,TYP,7.333333333,111,114,113,117,11,115,110,12,8
119,READ_2343,1,TYP,7.25,116,115,121,100,10,110.5,105,11,12
120,READ_2339,1,TYP,7.166666667,93,102,93,83,9,88,110,6,7
121,READ_2333,1,DD,6.75,105,121,109,101,12,105,121,10,9
122,READ_2332,1,TYP,7.333333333,111,121,120,113,15,116.5,110,13,12
123,READ_2330,1,TYP,7.75,76,97,93,87,8,90,105,13,10
124,READ_2321,1,TYP,7.666666667,102,110,111,104,13,107.5,101,13,10
125,READ_2315,1,DD,7.666666667,82,78,78,75,6,76.5,89,12,10
126,READ_2260,1,TYP,6.75,92,86,95,79,9,87,92,11,11
127,READ_2257,1,TYP,7,125,120,143,125,13,134,124,12,13
128,READ_2250,1,TYP,7.25,116,124,126,127,16,126.5,124,13,6
129,READ_2239,1,TYP,7.583333333,108,118,115,113,10,114,126,12,9
130,READ_2192,1,TYP,7.25,104,118,114,109,10,111.5,127,13,8
131,READ_2159,1,TYP,7.75,100,109,111,109,10,110,106,12,11
132,READ_2155,1,TYP,7,110,115,124,121,11,122.5,86,7,12
133,READ_2154,1,TYP,7,94,96,93,109,9,101,108,9,11
134,READ_2100,1,DD,8.083333333,82,71,77,93,7,85,68,9,10
135,READ_2089,1,TYP,7.166666667,113,111,114,123,10,118.5,105,11,7
136,READ_2047,1,TYP,7.25,132,127,131,132,14,131.5,110,9,13
137,READ_2009,1,TYP,7.083333333,127,114,121,125,11,123,116,8,11
138,READ_2000,1,TYP,6.75,113,119,123,114,10,118.5,121,11,11
139,READ_1301,1,TYP,7.5,109,115,123,122,11,122.5,98,13,11
141,READ_1203,1,TYP,7,114,113,124,121,13,122.5,96,12,9
142,READ_1202,1,TYP,7.25,115,119,124,127,10,125.5,97,8,11
143,READ_1201,1,TYP,6.75,114,123,117,106,12,111.5,121,13,8
144,READ_1106,1,TYP,7.5,108,106,115,117,9,116,105,13,15
145,READ_1104,1,DD,7.083333333,90,80,81,83,7,82,97,13,8
146,READ_1103,1,TYP,7.333333333,94,92,79,100,8,89.5,96,11,8
147,READ_1101,1,TYP,6.916666667,98,117,109,94,10,101.5,114,10,9
148,READ_1100,1,TYP,6.666666667,92,99,101,108,7,104.5,111,10,12
149,READ_1009,1,TYP,7.166666667,100,101,102,107,9,104.5,106,11,9
150,READ_1008,1,TYP,7.5,118,105,120,122,11,121,89,13,13
151,READ_1006,1,TYP,7.333333333,110,109,110,108,14,109,108,12,14
152,READ_1005,1,TYP,7.583333333,100,100,110,113,10,111.5,105,13,12
153,READ_1004,1,TYP,7.583333333,121,126,145,124,16,134.5,119,13,15
154,READ_1003,1,TYP,6.583333333,95,92,100,111,9,105.5,71,13,13
182,READ_5428,2,TYP,7.75,120,121,116,116,12,116,126,12,10
210,READ_5423,2,TYP,7.5,98,106,96,98,11,97,98,12,11
510,READ_5413,2,DD,8,82,85,90,88,10,89,90,10,6
610,READ_5412,2,TYP,7.666666667,107,117,113,116,9,114.5,103,12,14
710,READ_5406,2,TYP,8,104,103,109,100,9,104.5,93,13,12
810,READ_5402,2,TYP,8.583333333,97,99,108,102,10,105,93,12,15
10,READ_5349,2,TYP,8.083333333,104,100,127,108,10,117.5,98,11,10
1110,READ_5345,2,TYP,8,110,119,98,108,10,103,129,14,8
1310,READ_5338,2,TYP,9,89,97,95,105,9,100,92,15,7
1510,READ_5312,2,TYP,7.833333333,107,114,116,116,11,116,106,12,11
1610,READ_5290,2,DD,8.5,70,75,70,68,6,69,97,10,8
1710,READ_5285,2,TYP,7.833333333,108,109,105,116,9,110.5,109,12,9
211,READ_5256,2,TYP,8.666666667,113,103,132,116,11,124,100,13,13
221,READ_5243,2,TYP,8,95,105,112,90,11,101,104,13,12
231,READ_5238,2,TYP,8.25,104,117,115,113,8,114,124,10,4
241,READ_5223,2,DD,8.416666667,73,87,85,71,7,78,121,10,10
251,READ_5220,2,NA,8.333333333,91,100,87,100,8,93.5,99,12,9
261,READ_5206,2,TYP,8.25,118,121,127,113,14,120,111,12,13
281,READ_5197,2,NA,8.5,96,84,99,105,9,102,89,12,9
291,READ_5188,2,TYP,8.333333333,78,100,108,107,9,107.5,93,13,11
301,READ_5185,2,TYP,7.833333333,111,114,116,116,11,116,100,11,9
321,READ_5174,2,DD,9.083333333,65,74,77,70,6,73.5,102,13,9
331,READ_5173,2,TYP,8.5,102,104,102,107,5,104.5,107,11,11
351,READ_5168,2,DD,8.5,84,100,87,82,6,84.5,112,8,6
361,READ_5166,2,TYP,8.083333333,104,101,112,113,7,112.5,98,10,10
371,READ_5160,2,DD,8.333333333,75,84,82,92,6,87,91,8,7
391,READ_5155,2,TYP,8.166666667,101,101,124,108,11,116,98,13,10
401,READ_5153,2,TYP,8.416666667,106,114,120,118,8,119,82,11,9
421,READ_5145,2,DD,8.666666667,82,105,95,87,10,91,100,12,8
431,READ_5141,2,DD,8.833333333,80,94,83,79,8,81,90,11,8
451,READ_5136,2,TYP,8.25,100,110,121,123,11,122,98,12,12
471,READ_5133,2,TYP,7.916666667,107,108,124,126,11,125,94,11,14
491,READ_5115,2,TYP,8.083333333,108,110,109,103,11,106,85,11,13
511,READ_5082,2,TYP,8,102,98,112,105,11,108.5,87,12,9
521,READ_5079,2,TYP,8.416666667,89,103,96,97,8,96.5,106,13,8
541,READ_5062,2,DD,8,81,93,87,77,8,82,98,10,10
551,READ_5039,2,TYP,8.25,104,98,115,103,9,109,96,9,11
561,READ_5035,2,TYP,8.75,105,97,111,95,12,103,93,13,10
571,READ_5028,2,DD,8.083333333,88,87,95,85,7,90,84,11,5
591,READ_5013,2,DD,7.833333333,82,90,95,84,9,89.5,111,8,6
601,READ_4835,2,TYP,8.666666667,97,99,114,116,9,115,83,13,8
611,READ_4828,2,TYP,8.166666667,108,112,112,120,9,116,99,11,11
621,READ_4767,2,TYP,8.083333333,93,100,112,110,10,111,84,13,9
641,READ_4743,2,TYP,8.5,117,119,126,133,11,129.5,102,12,13
651,READ_4738,2,TYP,8,103,113,106,100,10,103,106,12,12
661,READ_4687,2,TYP,8.333333333,103,93,99,105,8,102,95,11,10
671,READ_4676,2,TYP,7.75,112,117,108,109,11,108.5,126,14,12
681,READ_4660,2,NA,8.75,100,95,108,85,12,96.5,89,14,10
691,READ_4630,2,TYP,7.75,102,106,119,121,11,120,100,12,15
701,READ_4627,2,TYP,8.75,97,103,108,102,11,105,100,14,9
711,READ_4616,2,DD,8.833333333,77,92,89,72,9,80.5,97,10,9
721,READ_4613,2,TYP,8.5,116,120,117,110,12,113.5,112,11,13
731,READ_4597,2,TYP,7.666666667,88,121,105,94,9,99.5,119,14,12
751,READ_4581,2,TYP,8.25,98,95,112,90,10,101,106,13,9
761,READ_4575,2,TYP,7.833333333,110,111,108,109,10,108.5,113,13,7
771,READ_4570,2,NA,7.833333333,91,107,93,78,11,85.5,96,11,11
781,READ_4565,2,TYP,8.416666667,117,124,114,102,11,108,108,13,12
791,READ_4561,2,DD,8,73,85,85,77,6,81,99,6,5
801,READ_4558,2,TYP,8.166666667,110,112,127,123,8,125,96,9,9
811,READ_4551,2,TYP,8.333333333,108,109,123,105,13,114,108,13,9
831,READ_4543,2,DD,8.333333333,82,79,74,87,9,80.5,89,12,9
841,READ_4528,2,TYP,8.583333333,101,106,108,107,9,107.5,98,11,9
851,READ_4521,2,DD,8.5,71,89,85,87,8,86,77,10,8
861,READ_4504,2,DD,7.75,82,86,95,87,7,91,94,7,8
871,READ_4501,2,DD,8.5,78,97,85,82,8,83.5,110,10,8
881,READ_4197,2,TYP,8,102,99,109,105,7,107,102,11,8
891,READ_4190,2,DD,8.083333333,85,108,98,88,8,93,111,11,9
911,READ_4166,2,TYP,7.916666667,116,122,111,116,12,113.5,122,11,10
921,READ_4156,2,DD,8.416666667,87,99,96,84,7,90,106,9,6
931,READ_4152,2,TYP,8.166666667,103,103,100,93,8,96.5,106,11,11
941,READ_4150,2,DD,8.416666667,81,84,87,79,8,83,86,11,10
951,READ_4147,2,TYP,7.916666667,105,121,116,121,12,118.5,113,15,11
961,READ_4127,2,NA,7.75,102,113,105,87,12,96,109,13,12
981,READ_4110,2,DD,8.333333333,84,96,82,87,10,84.5,98,11,4
991,READ_4105,2,TYP,8.083333333,104,112,112,113,7,112.5,117,8,9
1001,READ_4099,2,TYP,8.416666667,96,98,105,102,8,103.5,99,10,10
1011,READ_4098,2,TYP,8.583333333,92,93,108,102,7,105,90,10,11
1031,READ_4069,2,TYP,7.833333333,113,119,116,114,10,115,122,13,7
1041,READ_4066,2,TYP,8.333333333,102,98,120,115,11,117.5,114,15,11
1051,READ_4063,2,TYP,7.833333333,122,122,135,137,11,136,134,12,16
1061,READ_4058,2,TYP,8.333333333,103,96,99,107,10,103,117,14,6
1071,READ_4057,2,TYP,8.583333333,115,108,117,107,8,112,107,10,8
1081,READ_4056,2,DD,8.25,66,55,69,80,2,74.5,84,12,10
109,READ_4055,2,TYP,8.083333333,101,117,112,110,13,111,100,14,12
1101,READ_4053,2,TYP,8.416666667,104,110,108,107,10,107.5,111,12,11
1111,READ_4044,2,TYP,8.25,91,93,115,108,10,111.5,90,12,12
1121,READ_4043,2,TYP,7.833333333,102,104,119,109,10,114,94,11,7
1131,READ_4037,2,DD,8.25,76,89,98,100,9,99,87,9,4
1141,READ_4014,2,TYP,8.666666667,118,111,120,107,10,113.5,97,12,10
1151,READ_4013,2,TYP,8.083333333,84,97,106,90,11,98,104,14,5
1161,READ_3111,2,DD,8.583333333,81,98,85,87,7,86,112,11,8
1171,READ_3105,2,TYP,8.166666667,97,108,100,93,11,96.5,104,12,10
1181,READ_3104,2,TYP,8.083333333,91,101,92,95,8,93.5,90,8,5
1191,READ_3098,2,TYP,8.833333333,86,96,92,92,10,92,97,12,6
1201,READ_3089,2,TYP,8.25,87,95,115,105,11,110,83,10,10
1211,READ_3077,2,TYP,8.5,93,110,102,97,7,99.5,88,12,12
1221,READ_3075,2,TYP,8.75,109,106,105,122,8,113.5,110,11,9
1231,READ_3072,2,TYP,8.75,107,117,108,107,8,107.5,112,14,13
1241,READ_3069,2,DD,8.333333333,76,100,87,84,8,85.5,108,10,7
1251,READ_3057,2,DD,8,85,87,100,100,11,100,87,12,10
1261,READ_3030,2,TYP,8,98,100,92,100,9,96,100,11,9
1271,READ_3013,2,TYP,8.416666667,110,109,108,110,10,109,114,11,9
1281,READ_3011,2,TYP,8.75,130,123,120,126,15,123,129,14,14
1291,READ_3010,2,TYP,8.083333333,81,105,95,90,11,92.5,104,14,11
1301,READ_3009,2,TYP,8.583333333,93,99,102,100,10,101,77,13,7
1321,READ_2606,2,DD,8.666666667,78,92,89,85,9,87,81,11,8
1331,READ_2568,2,DD,8.083333333,84,73,83,88,8,85.5,80,12,13
1341,READ_2541,2,NA,8.083333333,93,87,103,105,9,104,96,13,12
1351,READ_2532,2,DD,8.083333333,82,78,90,95,7,92.5,90,10,11
1361,READ_2431,2,DD,7.916666667,83,90,93,78,8,85.5,103,12,13
1371,READ_2428,2,TYP,7.916666667,108,113,113,114,9,113.5,91,10,11
1381,READ_2409,2,TYP,7.833333333,90,105,108,99,10,103.5,105,11,6
1391,READ_2401,2,TYP,8.166666667,88,108,109,100,9,104.5,106,13,14
140,READ_2387,2,TYP,8.416666667,98,102,108,97,8,102.5,114,12,10
1411,READ_2351,2,TYP,8.416666667,102,98,108,110,13,109,104,15,12
1421,READ_2343,2,TYP,8.25,119,111,115,108,11,111.5,121,11,11
1431,READ_2339,2,TYP,8.166666667,100,105,95,118,8,106.5,108,10,7
1451,READ_2335,2,NA,8.333333333,93,108,99,87,11,93,87,13,13
1461,READ_2333,2,DD,7.833333333,85,113,103,78,11,90.5,122,14,8
1471,READ_2332,2,TYP,8.416666667,107,111,123,115,15,119,104,12,11
1481,READ_2330,2,TYP,8.75,89,102,92,95,10,93.5,100,12,9
1491,READ_2321,2,TYP,8.75,98,94,105,100,14,102.5,102,14,10
1501,READ_2315,2,DD,8.583333333,59,66,62,64,5,63,82,12,7
1511,READ_2260,2,TYP,7.75,77,102,91,94,9,92.5,111,13,12
1521,READ_2257,2,TYP,8.083333333,121,117,135,126,11,130.5,121,12,13
1531,READ_2250,2,TYP,8.333333333,116,110,132,128,16,130,111,14,12
1541,READ_2239,2,TYP,8.583333333,110,97,114,115,10,114.5,110,12,8
155,READ_2192,2,TYP,8.333333333,96,110,102,102,10,102,121,10,8
156,READ_2159,2,TYP,8.75,109,108,105,105,9,105,119,11,8
157,READ_2155,2,TYP,8,112,111,106,113,9,109.5,111,9,13
158,READ_2154,2,TYP,8,91,94,103,100,10,101.5,114,11,11
159,READ_2100,2,DD,9.083333333,73,74,80,79,8,79.5,76,10,10
160,READ_2089,2,TYP,8.25,106,103,112,108,10,110,108,12,8
161,READ_2087,2,NA,8.666666667,94,80,108,97,8,102.5,89,12,8
162,READ_2047,2,TYP,8.333333333,111,119,126,121,11,123.5,95,11,11
163,READ_2009,2,TYP,8,112,109,106,120,9,113,106,10,11
164,READ_2000,2,TYP,7.75,103,116,100,116,10,108,116,11,9
165,READ_1301,2,TYP,8.5,111,117,108,102,12,105,98,16,12
166,READ_1300,2,TYP,8.25,112,94,118,113,11,115.5,108,15,13
167,READ_1203,2,TYP,8.083333333,112,102,112,126,11,119,99,12,8
168,READ_1202,2,TYP,8.333333333,106,99,114,121,8,117.5,91,13,11
169,READ_1201,2,TYP,7.833333333,108,107,111,114,10,112.5,103,11,9
170,READ_1106,2,TYP,8.5,102,103,102,105,7,103.5,102,12,16
171,READ_1104,2,DD,8,79,89,95,95,8,95,100,12,10
172,READ_1103,2,TYP,8.25,84,94,92,90,8,91,100,13,6
173,READ_1101,2,TYP,7.833333333,90,114,111,109,10,110,103,12,9
174,READ_1100,2,TYP,7.666666667,96,105,93,96,8,94.5,100,12,11
175,READ_1009,2,TYP,8.166666667,95,105,106,105,10,105.5,104,14,8
176,READ_1008,2,TYP,8.5,120,110,120,118,12,119,105,13,13
177,READ_1007,2,NA,8.666666667,109,82,132,119,12,125.5,77,15,13
178,READ_1006,2,TYP,8.333333333,109,112,114,110,15,112,102,15,14
179,READ_1005,2,TYP,8.583333333,94,99,93,107,8,100,105,12,10
180,READ_1004,2,TYP,8.583333333,115,111,137,107,19,122,116,16,16
181,READ_1003,2,TYP,7.666666667,98,109,113,102,12,107.5,88,12,15
183,READER_001,4,DD,9.386,62,56,68,65,5,66.5,89,9,3
212,READER_002,4,DD,9.892,81,87,88,89,8,88.5,102,10,3
3,READER_003,4,DD,9.627,89,79,95,92,9,93.5,88,11,13
410,READER_004,4,DD,9.41,77,72,84,90,9,87,86,10,10
512,READER_005,4,DD,9.643,87,83,96,87,7,91.5,92,13,17
612,READER_006,3,DD,8.411,89,77,78,97,7,87.5,98,7,12
812,READER_008,3,DD,8.591,78,74,76,84,5,80,100,7,8
910,READER_009,4,DD,9.276,73,90,92,87,10,89.5,88,11,11
1010,READER_010,4,DD,9.602,55,55,55,68,1,61.5,77,7,10
1311,READER_013,4,DD,9.517,63,55,66,68,1,67,77,10,13
1410,READER_014,4,DD,9.235,70,67,80,79,5,79.5,77,8,16
1512,READER_015,3,DD,8.887,71,65,81,82,4,81.5,77,7,5
1611,READER_016,4,DD,9.292,73,59,75,82,4,78.5,82,6,13
1711,READER_018,4,DD,9.479,80,85,90,95,8,92.5,106,8,11
184,READER_019,3,TYP,9.583,106,98,102,104,10,103,89,10,8
213,READER_022,3,DD,8.416,85,84,76,84,6,80,86,5,12
222,READER_025,3,DD,8.523,89,102,93,84,7,88.5,88,8,4
232,READER_026,3,TYP,8.876,92,101,92,92,5,92,78,7,10
242,READER_027,3,DD,8.876,81,77,83,79,5,81,88,7,10
252,READER_031,3,DD,8.898,66,61,72,82,2,77,76,8,8
262,READER_101,4,TYP,9.306,110,113,123,108,13,115.5,112,15,19
271,READER_102,4,TYP,9.821,140,142,120,118,11,119,135,8,14
282,READER_103,3,DD,8.447,81,103,96,84,10,90,104,5,10
292,READER_104,4,TYP,9.479,112,100,111,110,16,110.5,91,12,13
302,READER_106,3,DD,8.301,85,80,81,88,8,84.5,90,4,7
332,READER_111,3,TYP,8.753,84,92,105,97,8,101,81,12,10
341,READER_113,4,TYP,9.796,111,111,114,97,13,105.5,116,12,10
352,READER_117,3,TYP,8.937,104,110,95,97,9,96,119,12,12
362,READER_121,4,DD,9.503,85,76,105,98,6,101.5,77,8,11
372,READER_122,4,DD,10.084,80,81,74,72,6,73,79,5,8
381,READER_123,4,TYP,9.325,95,94,111,100,11,105.5,104,11,13
392,READER_125,3,DD,9.862,59,92,76,64,4,70,107,5,10
402,READER_200,3,TYP,8.86,112,121,126,122,13,124,124,13,13
411,READER_201,4,TYP,10.043,98,98,101,107,5,104,100,10,11
422,READER_203,4,TYP,10.163,93,94,101,101,8,101,92,6,10
441,READER_206,3,DD,8.874,81,71,81,100,7,90.5,86,8,8
452,READER_207,3,DD,8.603,77,79,90,90,8,90,77,11,4
461,READER_208,3,TYP,8.805,90,96,108,95,6,101.5,100,8,16
472,READER_209,4,TYP,9.722,103,106,126,118,9,122,96,10,11
48,READER_210,4,TYP,10.053,114,103,115,107,11,111,118,8,14
492,READER_211,3,TYP,9.887,116,119,129,118,13,123.5,120,8,8
501,READER_212,3,TYP,9.257,99,98,101,105,11,103,102,10,11
513,READER_214,4,TYP,9.837,97,96,105,97,11,101,104,11,19
522,READER_216,4,TYP,10.084,85,94,101,107,3,104,89,7,12
531,READER_217,4,TYP,10.095,92,102,103,104,13,103.5,100,12,12
542,READER_218,4,TYP,10.615,121,120,110,100,13,105,127,11,18
552,READER_219,4,TYP,10.634,104,102,104,106,12,105,94,11,14
562,READER_220,4,TYP,10.234,111,121,121,107,10,114,122,10,12
572,READER_221,3,TYP,8.917,115,112,114,107,8,110.5,107,5,10
581,READER_223,4,DD,10.251,62,64,68,69,5,68.5,77,9,6
592,READER_225,4,TYP,10.702,89,100,99,99,11,99,110,9,12
602,READER_226,4,DD,10.576,85,88,122,91,9,106.5,94,10,15
613,READER_227,4,DD,10.648,75,87,101,116,9,108.5,84,9,9
622,READER_228,4,TYP,9.895,120,119,126,118,15,122,109,9,10
631,READER_230,4,TYP,8.857,99,102,117,110,11,113.5,79,11,7
642,READER_232,5,TYP,10.04,104,120,130,101,13,115.5,102,9,11
652,READER_234,5,TYP,10.522,112,123,125,106,13,115.5,102,14,12
662,READER_235,3,TYP,9.32,110,121,114,108,12,111,106,13,13
672,READER_237,3,TYP,8.416,116,115,123,124,13,123.5,106,12,10
682,READER_300,4,TYP,10.106,104,98,106,98,10,102,94,11,14
692,READER_301,4,DD,10.308,66,70,92,87,7,89.5,92,7,10
702,READER_302,4,DD,10.311,74,78,92,72,7,82,77,8,14
712,READER_303,4,DD,9.914,65,81,66,65,4,65.5,89,9,6
722,READER_304,4,DD,10.199,66,70,77,84,4,80.5,77,9,10
732,READER_305,4,DD,9.98,80,69,73,86,6,79.5,100,12,10
741,READER_306,4,DD,10.056,67,74,74,72,5,73,86,5,10
752,READER_307,4,DD,9.101,55,56,63,74,5,68.5,84,9,6
762,READER_308,4,TYP,10.097,98,98,103,104,7,103.5,87,10,14
782,READER_310,4,DD,10.853,70,87,79,71,6,75,89,5,5
792,READER_312,4,DD,9.449,70,64,78,77,5,77.5,77,5,10
802,READER_313,4,DD,9.416,65,64,72,77,6,74.5,79,9,6
813,READER_314,4,DD,9.569,75,88,87,90,6,88.5,99,9,10
832,READER_320,4,DD,9.73,84,70,88,100,6,94,81,11,8
842,READER_321,5,DD,9.604,72,78,81,82,5,81.5,84,10,10
852,READER_323,4,DD,9.928,81,70,103,109,5,106,77,6,5
862,READER_325,4,DD,9.528,82,78,90,82,4,86,92,7,11
872,READER_326,4,DD,10.199,55,90,83,79,10,81,77,12,11
892,READER_329,4,DD,9.35,70,65,72,65,5,68.5,76,9,13
901,READER_330,3,DD,8.326,79,81,85,85,8,85,77,12,8
912,READER_331,4,DD,9.427,77,77,84,70,6,77,77,10,6
932,READER_335,4,DD,10.084,74,83,77,90,5,83.5,79,9,10
942,READER_337,3,TYP,8.427,84,94,102,105,7,103.5,78,3,8
952,READER_339,4,DD,10.281,76,87,109,95,8,102,91,4,11
185,ABCD_1702,adult,TYP,21,100,93,118,104,10,111,98,99,12
214,ABCD_1703,adult,TYP,20,115,100,112,112,13,112,108,115,12
310,ABCD_1704,adult,DD,26,73,90,89,63,8,76,102,116,12
412,ABCD_1705,adult,TYP,22,110,113,118,98,8,108,117,99,9
514,ABCD_1706,adult,TYP,31,130,130,130,98,13,114,125,111,14
614,ABCD_1708,adult,TYP,23,100,108,102,93,10,97,111,99,9
713,ABCD_1709,adult,TYP,20,112,127,112,104,11,108,110,104,12
814,ABCD_1710,adult,TYP,19,108,107,106,104,11,105,106,110,13
913,ABCD_1711,adult,DD,18,75,77,70,64,6,67,88,102,7
1012,ABCD_1714,adult,DD,23,85,86,86,79,6,82,110,88,9
1112,ABCD_1716,adult,TYP,22,100,98,118,93,11,105,108,110,10
1210,ABCD_1717,adult,TYP,25,112,107,112,104,12,108,113,115,10
1312,ABCD_1718,adult,DD,NA,87,74,92,98,3,95,110,95,13
1412,ABCD_1720,adult,TYP,28,100,118,113,101,10,107,117,111,9
1513,ABCD_1721,adult,TYP,19,92,111,102,98,9,100,113,115,9
1612,ABCD_1722,adult,DD,23,61,81,77,59,5,68,99,104,5
1712,ABCD_1724,adult,TYP,24,113,130,118,98,12,108,117,104,16
186,ABCD_1725,adult,TYP,25,110,110,106,93,13,99,113,120,9
191,ABCD_1726,adult,TYP,30,103,118,104,112,7,108,111,102,8
201,ABCD_1727,adult,DD,25,73,74,77,68,6,72,97,95,5
215,ABCD_1728,adult,TYP,24,93,110,106,108,11,107,108,104,7
223,ABCD_1729,adult,TYP,23,109,106,98,98,9,98,111,110,9
233,ABCD_1730,adult,TYP,32,96,93,108,102,11,105,103,102,9
243,ABCD_1732,adult,TYP,21,112,106,98,112,12,105,111,104,10
253,ABCD_1733,adult,TYP,43,93,105,98,92,NA,95,105,111,9
263,ABCD_1734,adult,TYP,41,97,93,101,96,6,98,105,99,13
272,ABCD_1735,adult,DD,31,85,94,98,79,8,88,99,92,7
283,ABCD_1736,adult,TYP,31,110,130,108,121,13,114,115,116,13
293,ABCD_1738,adult,TYP,35,104,105,108,113,11,110,106,106,9
303,ABCD_1739,adult,TYP,30,110,108,108,96,12,102,105,120,16
311,ABCD_1740,adult,DD,30,82,88,90,77,8,83,97,92,10
322,ABCD_1742,adult,TYP,20,112,127,118,104,12,111,120,110,9
333,ABCD_1747,adult,TYP,22,109,98,112,98,9,105,113,104,8
342,ABCD_1749,adult,TYP,27,112,118,108,106,13,107,105,116,14
353,ABCD_1751,adult,DD,38,78,99,93,70,10,81,98,111,10
363,ABCD_1752,adult,DD,33,85,103,95,79,8,87,111,89,9
373,ABCD_1753,adult,TYP,33,97,130,108,102,10,105,115,106,16
382,ABCD_1754,adult,TYP,19,100,99,118,121,10,119,102,110,12
393,ABCD_1756,adult,DD,24,72,73,86,75,5,80,93,88,4
403,ABCD_1758,adult,DD,28,85,96,101,77,10,89,103,120,12
413,ABCD_1759,adult,TYP,24,98,102,102,93,9,97,106,110,10
423,ABCD_1760,adult,DD,27,88,87,104,88,10,96,96,99,6
432,ABCD_1763,adult,DD,38,85,90,95,86,9,90,110,102,7
442,ABCD_1764,adult,DD,24,96,90,80,75,11,77,102,104,8
453,ABCD_1767,adult,DD,37,74,84,95,79,3,87,98,111,7
462,ABCD_1768,adult,DD,22,95,94,80,80,8,80,102,NA,8
473,ABCD_1774,adult,DD,19,85,87,86,83,4,84,99,110,9
481,ABCD_1776,adult,DD,28,85,111,101,80,12,90,94,120,12
493,ABCD_1778,adult,DD,18,97,107,89,77,7,83,111,107,8
502,ABCD_1781,adult,DD,31,85,82,81,77,3,79,105,77,8
515,ABCD_1782,adult,DD,34,88,88,113,107,10,110,110,106,16
523,ABCD_1783,adult,TYP,35,103,108,113,94,11,103,108,116,8
532,ABCD_1784,adult,DD,20,87,87,86,79,5,82,105,110,8
543,ABCD_1786,adult,TYP,36,108,111,113,113,11,113,111,111,8
553,ABCD_1787,adult,DD,18,82,90,89,70,5,79,80,107,7
563,ABCD_1788,adult,TYP,34,103,90,119,94,11,106,108,102,14
573,ABCD_1790,adult,DD,25,90,81,98,83,7,90,89,104,9
582,ABCD_1792,adult,DD,22,83,95,80,68,8,74,103,99,7
593,ABCD_1794,adult,DD,19,92,94,89,79,8,84,99,110,8
603,ABCD_1795,adult,DD,36,89,80,87,94,7,90,103,102,9